Residue_Num	Mature_res_num	Residue	Antigen	SD	Activity	SD
395	376	K	30.4	6.2	18.4	5.2
396	377	K	72.5	2.8	88.9	11.6
397	378	H	83.7	18.9	91.3	9.3
398	379	P	68.8	3.1	87.1	13.2
399	380	K	0		5	1.8
400	381	T	29	0.7	36.2	1.3
401	382	W	18.7	2.4	8	2.8
402	383	V	49	0.9	57	5.4
403	384	H	NA		NA	
404	385	Y	6.2	0.5	12.7	2.4
405	386	I	0		6.5	1.3
406	387	A	100		100	
407	388	A	100		100	
408	389	E	NA		NA	
409	390	E	NA		NA	
410	391	E	78.8	6.6	119.8	6.2
411	392	D	0		8.6	2.8
412	393	W	0		5.4	2.1
413	394	D	NA		NA	
414	395	Y	NA		NA	
415	396	A	100		100	
416	397	P	0.5	0.4	11.4	2.4
417	398	L	71.4	1.8	100.5	10.8
418	399	V	53.3	7.6	80.2	14.7
419	400	L	72.6	2.2	92.8	14.1
420	401	A	100		100	
421	402	P	NA		NA	
422	403	D	48.4	1	82.7	10.1
423	404	D	29.5	6	38.9	7.8
424	405	R	65.8	6.2	72.9	5.4
425	406	S	36.1	6	57.6	5.4
426	407	Y	33.1	5.2	66.5	14.3
427	408	K	50.8	8.6	60.2	9.3
428	409	S	89.3	5.9	73.8	3.1
429	410	Q	30.3	3.8	60.4	10.7
430	411	Y	NA		NA	
431	412	L	51	2.9	7.6	2.5
432	413	N	60.8	2.7	67	7.7
433	414	N	55.6	3.2	82.2	1.7
434	415	G	62.6	11.2	56.4	6.1
435	416	P	43.7	6.2	53	3.2
436	417	Q	68	1.6	87.6	14.7
437	418	R	25	0.4	48.3	9.9
438	419	I	0		7.6	2.5
439	420	G	0		8.3	1.3
440	421	R	44.2	9.6	75.2	4.7
441	422	K	31	4	34.8	4.4
442	423	Y	0		4.7	2
443	424	K	0		5.5	1.6
444	425	K	0		5.7	3.2
445	426	V	44.6	5	28.2	4.7
446	427	R	2	1.1	15.1	1.4
447	428	F	0		6.6	1.6
448	429	M	72.7	5.4	94.8	12.7
449	430	A	100		100	
450	431	Y	0		12.6	1
451	432	T	51.7	1.6	68.5	14
452	433	D	NA		NA	
453	434	E	56.7	8.4	79.2	2.6
454	435	T	20.2	0.1	34.8	8.5
455	436	F	0		7	0.4
456	437	K	53.5	4.8	76.8	11.6
457	438	T	0		11.2	0.8
458	439	R	NA		NA	
459	440	E	65.7	2.3	50.8	5.6
460	441	A	100		100	
461	442	I	87.1	0.5	90.3	16.3
462	443	Q	NA		NA	
463	444	H	78.5	4.6	78.9	7.7
464	445	E	88.3	1.9	80.1	2.6
465	446	S	NA		NA	
466	447	G	NA		NA	
467	448	I	0		10.4	2.4
468	449	L	84.7	2.3	99	1.8
469	450	G	0		10.6	3.9
470	451	P	2.4	1.5	16.5	5.3
471	452	L	76.5	5.5	71.6	6
472	453	L	2.4	1.6	20.7	5.4
473	454	Y	60.3	3	86.5	11.1
474	455	G	53	5.4	66.4	3
475	456	E	37	1.3	21.5	0.5
476	457	V	31.5	0.2	36.8	5.9
477	458	G	15.4	2.9	26.3	6.4
478	459	D	0		7.6	3.6
479	460	T	0		8.5	3.4
480	461	L	0		8.7	4
481	462	L	82	3.4	104.7	12.7
482	463	I	0		10.4	4.5
483	464	I	34.1	3.6	63	14.7
484	465	F	1.4	0.5	6.4	0.8
485	466	K	16.5	1.9	22.7	3.5
486	467	N	0		5.9	3.8
487	468	Q	92.8	20.1	109.1	2.7
488	469	A	100		100	
489	470	S	NA		NA	
490	471	R	4.4	1.8	11.4	2.6
491	472	P	3.7	1	15	2.3
492	473	Y	0		6.1	1.4
493	474	N	6.6	3.6	12.1	3
494	475	I	12.9	0.9	24.2	7.1
495	476	Y	54.1	2.5	41.8	6.3
496	477	P	23.7	2.7	35.4	11.1
497	478	H	39	0.1	38.7	1.3
498	479	G	0		5.5	1.7
499	480	I	NA		NA	
500	481	T	112.5	3.5	108.6	23.3
501	482	D	0		5.9	4
502	483	V	NA		NA	
503	484	R	NA		NA	
504	485	P	44.6	12.5	52.6	13.7
505	486	L	81.6	3	93.7	17.2
506	487	Y	88.7	0.8	39.7	11.8
507	488	S	59.6	9.1	115.8	13.1
508	489	R	68	3.6	89.7	13.1
509	490	R	74.3	10.8	88	18
510	491	L	83	4.3	71	11.5
511	492	P	50	2	60.4	11.8
512	493	K	30.5	0.3	71.2	9.1
513	494	G	81.3	2.9	76.3	12.9
514	495	V	57.4	6.3	91.8	13.8
515	496	K	96.6	6.2	114.5	28
516	497	H	82.8	5.2	81.8	26.9
517	498	L	73.4	4.7	74.4	10.9
518	499	K	56.4	14.9	66.1	9.9
519	500	D	94.3	16.7	69.7	18.2
520	501	F	34.9	1.7	59.5	9
521	502	P	15.2	0.9	19.7	12.7
522	503	I	17.4	1.6	19.1	6
523	504	L	16.8	0.4	22.9	4.5
524	505	P	28.7	1.1	42.2	5.3
525	506	G	20.6	0.2	36	8.2
526	507	E	68.4	2.7	98.4	17.8
527	508	I	39.6	8.9	60.6	17.4
528	509	F	52.5	3.1	40.7	5.9
529	510	K	NA		NA	
530	511	Y	28.9	9	33.3	5.3
531	512	K	66.8	0.8	39.9	5.4
532	513	W	NA		NA	
533	514	T	20.6	1.2	29.5	2.7
534	515	V	NA		NA	
535	516	T	NA		NA	
536	517	V	58.8	1.1	52.2	5
537	518	E	92.4	3.3	104.5	2.6
538	519	D	42.4	3.9	50.7	6.8
539	520	G	95	10.7	61.9	7.7
540	521	P	0		9.5	1.8
541	522	T	33.8	3.5	27.3	4.4
542	523	K	78.6	4.2	73.3	5.2
543	524	S	92.8	1.2	101.1	9.9
544	525	D	17.9	0.9	10	3.9
545	526	P	55.3	8.4	60.4	15.4
546	527	R	0		8.7	3.5
547	528	C	0		12.1	7.2
548	529	L	44.6	2.5	38	6
549	530	T	68.7	4.6	87.6	12
550	531	R	43.1	0.5	35.4	7.7
551	532	Y	26.2	2.4	53.4	9.3
552	533	Y	0		7.9	2.2
553	534	S	93.6	3.3	105.2	14.7
554	535	S	0		12.8	4.6
555	536	F	0.2	0.2	13	4.2
556	537	V	14.8	1	26.5	3.8
557	538	N	0.5	0.4	16.4	5.7
558	539	M	99.7	9	77.2	18.9
559	540	E	72.4	6.7	97.8	1
560	541	R	0		9	2.1
561	542	D	2.7	1.5	11.9	4.1
562	543	L	41	0.3	57	5.8
563	544	A	100		100	
564	545	S	4.7	0.8	21	7.6
565	546	G	0		21.2	6.1
566	547	L	15.8	0.2	27.6	2.8
567	548	I	NA		NA	
568	549	G	12.9	1.9	27.4	10.1
569	550	P	71	4.1	95.3	13.8
570	551	L	22	0.4	33.9	5.7
571	552	L	46.8	6.5	64.2	10.2
572	553	I	NA		NA	
573	554	C	0		7	4.4
574	555	Y	NA		NA	
575	556	K	66.6	2.5	59.8	10.1
576	557	E	NA		NA	
577	558	S	32.9	1.3	18.2	5.2
578	559	V	79.1	2.5	69.1	13.1
579	560	D	18.7	0.3	17.6	6.8
580	561	Q	66.5	0.6	44.7	9.7
581	562	R	97.9	2.8	111.6	26.2
582	563	G	68.1	1.7	12.7	3.4
583	564	N	NA		NA	
584	565	Q	NA		NA	
585	566	I	19.4	0.5	12.7	8.3
586	567	M	101.5	0.2	94.1	5.9
587	568	S	74.5	2.7	101.8	27.8
588	569	D	42.7	2.2	12.5	5.2
589	570	K	NA		NA	
590	571	R	NA		NA	
591	572	N	NA		NA	
592	573	V	75.5	5.4	31.9	13.2
593	574	I	22.4	8.8	43.7	6.7
594	575	L	NA		NA	
595	576	F	0		6.5	2.4
596	577	S	NA		NA	
597	578	V	24.1	6.9	58.5	6.6
598	579	F	0		7.4	3.4
599	580	D	0		9.3	3.6
600	581	E	NA		NA	
601	582	N	NA		NA	
602	583	R	NA		NA	
603	584	S	NA		NA	
604	585	W	0		4.5	4.2
605	586	Y	0		4.5	2
606	587	L	11.7	1	31	5.9
607	588	T	57.7	4.4	102.6	16.6
608	589	E	NA		NA	
609	590	N	NA		NA	
610	591	I	15.4	2.3	6.8	3.6
611	592	Q	57.6	3.3	100.9	5.3
612	593	R	NA		NA	
613	594	F	4.5	2.8	18	4.8
614	595	L	NA		NA	
615	596	P	65.8	0.3	107.5	11.8
616	597	N	51.2	6.9	74.5	6.6
617	598	P	NA		NA	
618	599	A	100		100	
619	600	G	75.3	1.7	106.9	8.8
620	601	V	50.4	1.3	80	13
621	602	Q	72.8	3	129.1	13.1
622	603	L	19.5	2.4	46.2	8.9
623	604	E	69.4	0.5	99.4	23.8
624	605	D	16.7	2.4	35.6	1.5
625	606	P	NA		NA	
626	607	E	48.7	7	74.2	5.1
627	608	F	NA		NA	
628	609	Q	NA		NA	
629	610	A	100		100	
630	611	S	57	1.1	84.6	13.6
637	618	N	0		7	2.7
638	619	G	6.6	2.9	14.4	3.6
639	620	Y	NA		NA	
640	621	V	51.4	6.6	80	7.1
641	622	F	0.7	0.5	9.3	2.5
642	623	D	41.2	6.3	72.1	3.7
643	624	S	51.6	11.3	80	35.4
644	625	L	0		10.9	2
645	626	Q	NA		NA	
646	627	L	NA		NA	
647	628	S	63.5	3.9	103.3	24.5
648	629	V	59.2	7.1	85.2	14.3
649	630	C	0.7	0.6	7.6	3.4
650	631	L	NA		4.8	0.8
651	632	H	43.3	8.4	72.3	17.9
652	633	E	41.1	3.8	86.7	11
653	634	V	16.5	0.9	12.3	3.3
654	635	A	100		100	
655	636	Y	NA		NA	
656	637	W	0		5.6	0.8
657	638	Y	37.9	15.4	20	4
658	639	I	NA		NA	
659	640	L	62.9	5.6	76.6	13.3
660	641	S	NA		NA	
661	642	I	63.2	3.7	99	18.1
662	643	G	0.4	0.4	4.7	1.5
663	644	A	100		100	
664	645	Q	NA		NA	
665	646	T	4.3	1	8.9	3.8
666	647	D	NA		NA	
667	648	F	64.4	5	143.1	2.1
668	649	L	36.7	10.7	29.1	7.1
