46.6019417475728	66.358024691358	0
46.078431372549	67.1875	6
45.5445544554455	68.0379746835443	12
45	68.4713375796178	16
44.1624365482233	69.57928802589	24
44.1624365482233	70.2614379084967	27
44.1624365482233	70.4918032786885	28
44.1624365482233	70.4918032786885	28
43.298969072165	70.7236842105263	32
43.0051813471503	70.957095709571	34
43.0051813471503	71.4285714285714	36
43.0051813471503	71.4285714285714	36
43.0051813471503	71.6666666666667	37
43.0051813471503	71.6666666666667	37
43.0051813471503	71.9063545150502	38
43.0051813471503	72.3905723905724	40
42.7083333333333	72.8813559322034	43
42.1052631578947	73.1292517006803	46
42.1052631578947	73.6301369863014	48
41.7989417989418	73.8831615120275	50
41.1764705882353	74.3944636678201	54
41.1764705882353	75.4385964912281	58
40.8602150537634	75.4385964912281	59
40.5405405405405	75.9717314487633	62
39.5604395604396	76.7857142857143	68
39.5604395604396	77.3381294964029	70
39.2265193370166	77.3381294964029	71
38.8888888888889	77.8985507246377	74
37.1428571428571	79.6296296296296	85
35.672514619883	80.5243445692884	92
35.2941176470588	80.8270676691729	94
34.1317365269461	81.4393939393939	99
33.7349397590361	81.7490494296578	101
33.3333333333333	82.6923076923077	105
32.9268292682927	83.6575875486381	109
29.9363057324841	84.9802371541502	120
28.1045751633987	85.3174603174603	125
26.6666666666667	86.6935483870968	132
24.6575342465753	88.1147540983607	140
22.5352112676056	89.2116182572614	147
19.1176470588235	90.7172995780591	157
16.6666666666667	91.4893617021277	163
9.83606557377049	93.4782608695652	178
8.33333333333333	94.2982456140351	182
47.7611940298507	65.9375	9
47.2361809045226	66.7721518987342	15
46.7005076142132	67.6282051282051	21
46.1538461538462	68.0645161290323	25
45.3125	69.1803278688525	33
45.3125	69.8675496688742	36
45.3125	70.0996677740864	37
45.3125	70.0996677740864	37
44.4444444444444	70.3333333333333	41
44.1489361702128	70.5685618729097	43
44.1489361702128	71.043771043771	45
44.1489361702128	71.043771043771	45
44.1489361702128	71.2837837837838	46
44.1489361702128	71.2837837837838	46
44.1489361702128	71.5254237288136	47
44.1489361702128	72.0136518771331	49
43.8502673796791	72.5085910652921	52
43.2432432432432	72.7586206896552	55
43.2432432432432	73.2638888888889	57
42.9347826086957	73.5191637630662	59
42.3076923076923	74.0350877192982	63
42.3076923076923	75.0889679715303	67
41.9889502762431	75.0889679715303	68
41.6666666666667	75.6272401433692	71
40.6779661016949	76.4492753623188	77
40.6779661016949	77.007299270073	79
40.3409090909091	77.007299270073	80
40	77.5735294117647	83
38.2352941176471	79.3233082706767	94
36.7469879518072	80.2281368821293	101
36.3636363636364	80.5343511450382	103
35.1851851851852	81.1538461538462	108
34.7826086956522	81.4671814671815	110
34.375	82.421875	114
33.9622641509434	83.399209486166	118
30.9210526315789	84.7389558232932	129
29.0540540540541	85.0806451612903	134
27.5862068965517	86.4754098360656	141
25.531914893617	87.9166666666667	149
23.3576642335766	89.0295358649789	156
19.8473282442748	90.5579399141631	166
17.3228346456693	91.3419913419913	172
10.2564102564103	93.3628318584071	187
8.69565217391304	94.1964285714286	191
48.7309644670051	65.7232704402516	15
48.2051282051282	66.5605095541401	21
47.6683937823834	67.4193548387097	27
47.1204188481675	67.8571428571429	31
46.2765957446808	68.976897689769	39
46.2765957446808	69.6666666666667	42
46.2765957446808	69.8996655518395	43
46.2765957446808	69.8996655518395	43
45.4054054054054	70.1342281879195	47
45.1086956521739	70.3703703703704	49
45.1086956521739	70.8474576271186	51
45.1086956521739	70.8474576271186	51
45.1086956521739	71.0884353741497	52
45.1086956521739	71.0884353741497	52
45.1086956521739	71.3310580204778	53
45.1086956521739	71.8213058419244	55
44.8087431693989	72.318339100346	58
44.1988950276243	72.5694444444444	61
44.1988950276243	73.0769230769231	63
43.8888888888889	73.3333333333333	65
43.2584269662921	73.8515901060071	69
43.2584269662921	74.910394265233	73
42.9378531073446	74.910394265233	74
42.6136363636364	75.4512635379061	77
41.6184971098266	76.2773722627737	83
41.6184971098266	76.8382352941177	85
41.2790697674419	76.8382352941177	86
40.9356725146199	77.4074074074074	89
39.1566265060241	79.1666666666667	100
37.6543209876543	80.0766283524904	107
37.2670807453416	80.3846153846154	109
36.0759493670886	81.0077519379845	114
35.6687898089172	81.3229571984436	116
35.2564102564103	82.2834645669291	120
34.8387096774194	83.2669322709163	124
31.7567567567568	84.6153846153846	135
29.8611111111111	84.9593495934959	140
28.3687943262411	86.3636363636364	147
26.2773722627737	87.8151260504202	155
24.0601503759398	88.936170212766	162
20.4724409448819	90.4761904761905	172
17.8861788617886	91.2663755458515	178
10.6194690265487	93.3035714285714	193
9.00900900900901	94.1441441441441	197
49.2307692307692	65.2866242038216	21
48.7046632124352	66.1290322580645	27
48.1675392670157	66.9934640522876	33
47.6190476190476	67.4342105263158	37
46.7741935483871	68.561872909699	45
46.7741935483871	69.2567567567568	48
46.7741935483871	69.4915254237288	49
46.7741935483871	69.4915254237288	49
45.9016393442623	69.7278911564626	53
45.6043956043956	69.9658703071672	55
45.6043956043956	70.446735395189	57
45.6043956043956	70.446735395189	57
45.6043956043956	70.6896551724138	58
45.6043956043956	70.6896551724138	58
45.6043956043956	70.9342560553633	59
45.6043956043956	71.4285714285714	61
45.3038674033149	71.9298245614035	64
44.6927374301676	72.1830985915493	67
44.6927374301676	72.6950354609929	69
44.3820224719101	72.9537366548043	71
43.75	73.4767025089606	75
43.75	74.5454545454545	79
43.4285714285714	74.5454545454545	80
43.1034482758621	75.0915750915751	83
42.1052631578947	75.9259259259259	89
42.1052631578947	76.4925373134328	91
41.7647058823529	76.4925373134328	92
41.4201183431953	77.0676691729323	95
39.6341463414634	78.8461538461538	106
38.125	79.7665369649805	113
37.7358490566038	80.078125	115
36.5384615384615	80.7086614173228	120
36.1290322580645	81.0276679841897	122
35.7142857142857	82	126
35.2941176470588	82.9959514170041	130
32.1917808219178	84.3621399176955	141
30.2816901408451	84.7107438016529	146
28.7769784172662	86.1344537815126	153
26.6666666666667	87.6068376068376	161
24.4274809160305	88.7445887445888	168
20.8	90.3083700440529	178
18.1818181818182	91.1111111111111	184
10.8108108108108	93.1818181818182	199
9.1743119266055	94.0366972477064	203
50.5263157894737	63.7873754152824	39
50	64.6464646464647	45
49.4623655913978	65.5290102389078	51
48.9130434782609	65.979381443299	55
48.0662983425414	67.1328671328671	63
48.0662983425414	67.8445229681979	66
48.0662983425414	68.0851063829787	67
48.0662983425414	68.0851063829787	67
47.1910112359551	68.3274021352313	71
46.8926553672316	68.5714285714286	73
46.8926553672316	69.0647482014388	75
46.8926553672316	69.0647482014388	75
46.8926553672316	69.3140794223827	76
46.8926553672316	69.3140794223827	76
46.8926553672316	69.5652173913043	77
46.8926553672316	70.0729927007299	79
46.5909090909091	70.5882352941177	82
45.9770114942529	70.8487084870849	85
45.9770114942529	71.3754646840149	87
45.6647398843931	71.6417910447761	89
45.0292397660819	72.1804511278195	93
45.0292397660819	73.2824427480916	97
44.7058823529412	73.2824427480916	98
44.3786982248521	73.8461538461539	101
43.3734939759036	74.7081712062257	107
43.3734939759036	75.2941176470588	109
43.030303030303	75.2941176470588	110
42.6829268292683	75.8893280632411	113
40.8805031446541	77.7327935222672	124
39.3548387096774	78.6885245901639	131
38.961038961039	79.0123456790123	133
37.7483443708609	79.6680497925311	138
37.3333333333333	80	140
36.9127516778523	81.0126582278481	144
36.4864864864865	82.051282051282	148
33.3333333333333	83.4782608695652	159
31.3868613138686	83.8427947598253	164
29.8507462686567	85.3333333333333	171
27.6923076923077	86.8778280542986	179
25.3968253968254	88.0733944954129	186
21.6666666666667	89.7196261682243	196
18.9655172413793	90.5660377358491	202
11.3207547169811	92.7536231884058	217
9.61538461538462	93.6585365853659	221
52.7472527472528	63.4228187919463	50
52.2222222222222	64.2857142857143	56
51.685393258427	65.1724137931034	62
51.1363636363636	65.625	66
50.2890173410405	66.7844522968198	74
50.2890173410405	67.5	77
50.2890173410405	67.741935483871	78
50.2890173410405	67.741935483871	78
49.4117647058824	67.9856115107914	82
49.112426035503	68.2310469314079	84
49.112426035503	68.7272727272727	86
49.112426035503	68.7272727272727	86
49.112426035503	68.978102189781	87
49.112426035503	68.978102189781	87
49.112426035503	69.2307692307692	88
49.112426035503	69.7416974169742	90
48.8095238095238	70.2602230483271	93
48.1927710843374	70.5223880597015	96
48.1927710843374	71.0526315789474	98
47.8787878787879	71.3207547169811	100
47.239263803681	71.8631178707224	104
47.239263803681	72.972972972973	108
46.9135802469136	72.972972972973	109
46.583850931677	73.5408560311284	112
45.5696202531646	74.4094488188976	118
45.5696202531646	75	120
45.2229299363057	75	121
44.8717948717949	75.6	124
43.046357615894	77.4590163934426	135
41.4965986394558	78.4232365145228	142
41.0958904109589	78.75	144
39.8601398601399	79.4117647058823	149
39.4366197183099	79.746835443038	151
39.0070921985816	80.7692307692308	155
38.5714285714286	81.8181818181818	159
35.3383458646617	83.2599118942731	170
33.3333333333333	83.6283185840708	175
31.7460317460317	85.1351351351351	182
29.5081967213115	86.697247706422	190
27.1186440677966	87.9069767441861	197
23.2142857142857	89.5734597156398	207
20.3703703703704	90.4306220095694	213
12.2448979591837	92.6470588235294	228
10.4166666666667	93.5643564356436	232
54.5454545454545	62.1527777777778	66
54.0229885057471	63.0281690140845	72
53.4883720930233	63.9285714285714	78
52.9411764705882	64.3884892086331	82
52.0958083832335	65.5677655677656	90
52.0958083832335	66.2962962962963	93
52.0958083832335	66.542750929368	94
52.0958083832335	66.542750929368	94
51.219512195122	66.7910447761194	98
50.920245398773	67.0411985018727	100
50.920245398773	67.5471698113208	102
50.920245398773	67.5471698113208	102
50.920245398773	67.8030303030303	103
50.920245398773	67.8030303030303	103
50.920245398773	68.0608365019012	104
50.920245398773	68.5823754789272	106
50.6172839506173	69.1119691119691	109
50	69.3798449612403	112
50	69.921875	114
49.685534591195	70.1960784313725	116
49.0445859872611	70.7509881422925	120
49.0445859872611	71.8875502008032	124
48.7179487179487	71.8875502008032	125
48.3870967741936	72.4696356275304	128
47.3684210526316	73.3606557377049	134
47.3684210526316	73.9669421487603	136
47.0198675496689	73.9669421487603	137
46.6666666666667	74.5833333333333	140
44.8275862068966	76.4957264957265	151
43.2624113475177	77.4891774891775	158
42.8571428571429	77.8260869565217	160
41.6058394160584	78.5087719298246	165
41.1764705882353	78.8546255506608	167
40.7407407407407	79.9107142857143	171
40.2985074626866	80.9954751131222	175
37.007874015748	82.4884792626728	186
34.9593495934959	82.8703703703704	191
33.3333333333333	84.4339622641509	198
31.0344827586207	86.0576923076923	206
28.5714285714286	87.3170731707317	213
24.5283018867925	89.0547263681592	223
21.5686274509804	89.9497487437186	229
13.0434782608696	92.2680412371134	244
11.1111111111111	93.2291666666667	248
56.140350877193	61.3475177304965	77
55.6213017751479	62.2302158273381	83
55.0898203592814	63.1386861313869	89
54.5454545454545	63.6029411764706	93
53.7037037037037	64.7940074906367	101
53.7037037037037	65.530303030303	104
53.7037037037037	65.7794676806084	105
53.7037037037037	65.7794676806084	105
52.8301886792453	66.030534351145	109
52.5316455696203	66.2835249042146	111
52.5316455696203	66.7953667953668	113
52.5316455696203	66.7953667953668	113
52.5316455696203	67.0542635658915	114
52.5316455696203	67.0542635658915	114
52.5316455696203	67.3151750972763	115
52.5316455696203	67.843137254902	117
52.2292993630573	68.3794466403162	120
51.6129032258064	68.6507936507936	123
51.6129032258064	69.2	125
51.2987012987013	69.4779116465863	127
50.6578947368421	70.0404858299595	131
50.6578947368421	71.1934156378601	135
50.3311258278146	71.1934156378601	136
50	71.7842323651452	139
48.9795918367347	72.6890756302521	145
48.9795918367347	73.3050847457627	147
48.6301369863014	73.3050847457627	148
48.2758620689655	73.9316239316239	151
46.4285714285714	75.8771929824561	162
44.8529411764706	76.8888888888889	169
44.4444444444444	77.2321428571429	171
43.1818181818182	77.9279279279279	176
42.7480916030534	78.2805429864253	178
42.3076923076923	79.3577981651376	182
41.8604651162791	80.4651162790698	186
38.5245901639344	81.9905213270142	197
36.4406779661017	82.3809523809524	202
34.7826086956522	83.9805825242718	209
32.4324324324324	85.6435643564356	217
29.9065420560748	86.9346733668342	224
25.7425742574257	88.7179487179487	234
22.680412371134	89.6373056994819	240
13.7931034482759	92.0212765957447	255
11.7647058823529	93.010752688172	259
58.8957055214724	60.5072463768116	91
58.3850931677019	61.3970588235294	97
57.8616352201258	62.3134328358209	103
57.3248407643312	62.781954887218	107
56.4935064935065	63.9846743295019	115
56.4935064935065	64.7286821705426	118
56.4935064935065	64.9805447470817	119
56.4935064935065	64.9805447470817	119
55.6291390728477	65.234375	123
55.3333333333333	65.4901960784314	125
55.3333333333333	66.0079051383399	127
55.3333333333333	66.0079051383399	127
55.3333333333333	66.2698412698413	128
55.3333333333333	66.2698412698413	128
55.3333333333333	66.5338645418327	129
55.3333333333333	67.0682730923695	131
55.0335570469799	67.6113360323887	134
54.421768707483	67.8861788617886	137
54.421768707483	68.4426229508197	139
54.1095890410959	68.7242798353909	141
53.4722222222222	69.2946058091286	145
53.4722222222222	70.4641350210971	149
53.1468531468531	70.4641350210971	150
52.8169014084507	71.063829787234	153
51.7985611510791	71.9827586206897	159
51.7985611510791	72.6086956521739	161
51.4492753623188	72.6086956521739	162
51.0948905109489	73.2456140350877	165
49.2424242424242	75.2252252252252	176
47.65625	76.2557077625571	183
47.244094488189	76.605504587156	185
45.9677419354839	77.3148148148148	190
45.5284552845528	77.6744186046512	192
45.0819672131148	78.7735849056604	196
44.6280991735537	79.9043062200957	200
41.2280701754386	81.4634146341463	211
39.0909090909091	81.8627450980392	216
37.3831775700935	83.5	223
34.9514563106796	85.2040816326531	231
32.3232323232323	86.5284974093264	238
27.9569892473118	88.3597883597884	248
24.7191011235955	89.3048128342246	254
15.1898734177215	91.7582417582418	269
12.987012987013	92.7777777777778	273
60.7594936708861	59.4795539033457	103
60.2564102564103	60.377358490566	109
59.7402597402597	61.3026819923372	115
59.2105263157895	61.7760617760618	119
58.3892617449664	62.992125984252	127
58.3892617449664	63.7450199203187	130
58.3892617449664	64	131
58.3892617449664	64	131
57.5342465753425	64.2570281124498	135
57.2413793103448	64.5161290322581	137
57.2413793103448	65.0406504065041	139
57.2413793103448	65.0406504065041	139
57.2413793103448	65.3061224489796	140
57.2413793103448	65.3061224489796	140
57.2413793103448	65.5737704918033	141
57.2413793103448	66.1157024793389	143
56.9444444444444	66.6666666666667	146
56.3380281690141	66.9456066945607	149
56.3380281690141	67.5105485232068	151
56.0283687943262	67.7966101694915	153
55.3956834532374	68.3760683760684	157
55.3956834532374	69.5652173913043	161
55.0724637681159	69.5652173913043	162
54.7445255474453	70.1754385964912	165
53.7313432835821	71.1111111111111	171
53.7313432835821	71.7488789237668	173
53.3834586466165	71.7488789237668	174
53.030303030303	72.3981900452489	177
51.1811023622047	74.4186046511628	188
49.5934959349593	75.4716981132076	195
49.1803278688525	75.8293838862559	197
47.8991596638655	76.555023923445	202
47.4576271186441	76.9230769230769	204
47.008547008547	78.0487804878049	208
46.551724137931	79.2079207920792	212
43.1192660550459	80.8080808080808	223
40.9523809523809	81.2182741116751	228
39.2156862745098	82.9015544041451	235
36.734693877551	84.6560846560847	243
34.0425531914894	86.0215053763441	250
29.5454545454545	87.9120879120879	260
26.1904761904762	88.8888888888889	266
16.2162162162162	91.4285714285714	281
13.8888888888889	92.485549132948	285
61.9354838709677	57.9150579150579	116
61.437908496732	58.8235294117647	122
60.9271523178808	59.7609561752988	128
60.4026845637584	60.2409638554217	132
59.5890410958904	61.4754098360656	140
59.5890410958904	62.2406639004149	143
59.5890410958904	62.5	144
59.5890410958904	62.5	144
58.7412587412587	62.7615062761506	148
58.4507042253521	63.0252100840336	150
58.4507042253521	63.5593220338983	152
58.4507042253521	63.5593220338983	152
58.4507042253521	63.8297872340426	153
58.4507042253521	63.8297872340426	153
58.4507042253521	64.1025641025641	154
58.4507042253521	64.6551724137931	156
58.1560283687943	65.2173913043478	159
57.5539568345324	65.5021834061135	162
57.5539568345324	66.079295154185	164
57.2463768115942	66.3716814159292	166
56.6176470588235	66.9642857142857	170
56.6176470588235	68.1818181818182	174
56.2962962962963	68.1818181818182	175
55.9701492537313	68.8073394495413	178
54.9618320610687	69.7674418604651	184
54.9618320610687	70.4225352112676	186
54.6153846153846	70.4225352112676	187
54.2635658914729	71.0900473933649	190
52.4193548387097	73.1707317073171	201
50.8333333333333	74.2574257425743	208
50.4201680672269	74.6268656716418	210
49.1379310344828	75.3768844221106	215
48.695652173913	75.7575757575758	217
48.2456140350877	76.9230769230769	221
47.787610619469	78.125	225
44.3396226415094	79.7872340425532	236
42.156862745098	80.2139037433155	241
40.4040404040404	81.9672131147541	248
37.8947368421053	83.7988826815643	256
35.1648351648352	85.2272727272727	263
30.5882352941176	87.2093023255814	273
27.1604938271605	88.2352941176471	279
16.9014084507042	90.9090909090909	294
14.4927536231884	92.0245398773006	298
63.5761589403974	57.2549019607843	124
63.0872483221477	58.1673306772908	130
62.5850340136054	59.1093117408907	136
62.0689655172414	59.5918367346939	140
61.2676056338028	60.8333333333333	148
61.2676056338028	61.6033755274262	151
61.2676056338028	61.864406779661	152
61.2676056338028	61.864406779661	152
60.431654676259	62.1276595744681	156
60.1449275362319	62.3931623931624	158
60.1449275362319	62.9310344827586	160
60.1449275362319	62.9310344827586	160
60.1449275362319	63.2034632034632	161
60.1449275362319	63.2034632034632	161
60.1449275362319	63.4782608695652	162
60.1449275362319	64.0350877192982	164
59.8540145985402	64.6017699115044	167
59.2592592592593	64.8888888888889	170
59.2592592592593	65.4708520179372	172
58.955223880597	65.7657657657658	174
58.3333333333333	66.3636363636364	178
58.3333333333333	67.5925925925926	182
58.0152671755725	67.5925925925926	183
57.6923076923077	68.2242990654206	186
56.6929133858268	69.1943127962085	192
56.6929133858268	69.8564593301435	194
56.3492063492063	69.8564593301435	195
56	70.5314009661836	198
54.1666666666667	72.636815920398	209
52.5862068965517	73.7373737373737	216
52.1739130434783	74.1116751269035	218
50.8928571428571	74.8717948717949	223
50.4504504504504	75.2577319587629	225
50	76.4397905759162	229
49.5412844036697	77.6595744680851	233
46.078431372549	79.3478260869565	244
43.8775510204082	79.7814207650273	249
42.1052631578947	81.5642458100559	256
39.5604395604396	83.4285714285714	264
36.7816091954023	84.8837209302326	271
32.0987654320988	86.9047619047619	281
28.5714285714286	87.9518072289157	287
17.910447761194	90.6832298136646	302
15.3846153846154	91.8238993710692	306
64	56.0483870967742	132
63.5135135135135	56.9672131147541	138
63.013698630137	57.9166666666667	144
62.5	58.4033613445378	148
61.7021276595745	59.656652360515	156
61.7021276595745	60.4347826086956	159
61.7021276595745	60.6986899563319	160
61.7021276595745	60.6986899563319	160
60.8695652173913	60.9649122807018	164
60.5839416058394	61.2334801762115	166
60.5839416058394	61.7777777777778	168
60.5839416058394	61.7777777777778	168
60.5839416058394	62.0535714285714	169
60.5839416058394	62.0535714285714	169
60.5839416058394	62.3318385650224	170
60.5839416058394	62.89592760181	172
60.2941176470588	63.4703196347032	175
59.7014925373134	63.7614678899083	178
59.7014925373134	64.3518518518518	180
59.3984962406015	64.6511627906977	182
58.7786259541985	65.2582159624413	186
58.7786259541985	66.5071770334928	190
58.4615384615385	66.5071770334928	191
58.1395348837209	67.1497584541063	194
57.1428571428571	68.1372549019608	200
57.1428571428571	68.8118811881188	202
56.8	68.8118811881188	203
56.4516129032258	69.5	206
54.6218487394958	71.6494845360825	217
53.0434782608696	72.7748691099476	224
52.6315789473684	73.1578947368421	226
51.3513513513513	73.936170212766	231
50.9090909090909	74.331550802139	233
50.4587155963303	75.5434782608696	237
50	76.7955801104972	241
46.5346534653465	78.5310734463277	252
44.3298969072165	78.9772727272727	257
42.5531914893617	80.8139534883721	264
40	82.7380952380952	272
37.2093023255814	84.2424242424242	279
32.5	86.3354037267081	289
28.9473684210526	87.4213836477987	295
18.1818181818182	90.2597402597403	310
15.625	91.4473684210526	314
64.8648648648649	55.1440329218107	139
64.3835616438356	56.0669456066946	145
63.8888888888889	57.0212765957447	151
63.3802816901408	57.5107296137339	155
62.589928057554	58.7719298245614	163
62.589928057554	59.5555555555556	166
62.589928057554	59.8214285714286	167
62.589928057554	59.8214285714286	167
61.7647058823529	60.0896860986547	171
61.4814814814815	60.3603603603604	173
61.4814814814815	60.9090909090909	175
61.4814814814815	60.9090909090909	175
61.4814814814815	61.1872146118721	176
61.4814814814815	61.1872146118721	176
61.4814814814815	61.4678899082569	177
61.4814814814815	62.037037037037	179
61.1940298507463	62.6168224299065	182
60.6060606060606	62.9107981220657	185
60.6060606060606	63.5071090047393	187
60.3053435114504	63.8095238095238	189
59.6899224806201	64.4230769230769	193
59.6899224806201	65.6862745098039	197
59.375	65.6862745098039	198
59.0551181102362	66.3366336633663	201
58.0645161290323	67.3366834170854	207
58.0645161290323	68.0203045685279	209
57.7235772357724	68.0203045685279	210
57.3770491803279	68.7179487179487	213
55.5555555555556	70.8994708994709	224
53.9823008849557	72.0430107526882	231
53.5714285714286	72.4324324324324	233
52.2935779816514	73.224043715847	238
51.8518518518518	73.6263736263736	240
51.4018691588785	74.8603351955307	244
50.9433962264151	76.1363636363636	248
47.4747474747475	77.9069767441861	259
45.2631578947368	78.3625730994152	264
43.4782608695652	80.2395209580838	271
40.9090909090909	82.2085889570552	279
38.0952380952381	83.75	286
33.3333333333333	85.8974358974359	296
29.7297297297297	87.012987012987	302
18.75	89.9328859060403	317
16.1290322580645	91.156462585034	321
65.3061224489796	54.0084388185654	146
64.8275862068965	54.9356223175966	152
64.3356643356643	55.8951965065502	158
63.8297872340426	56.3876651982379	162
63.0434782608696	57.6576576576577	170
63.0434782608696	58.4474885844749	173
63.0434782608696	58.7155963302752	174
63.0434782608696	58.7155963302752	174
62.2222222222222	58.9861751152074	178
61.9402985074627	59.2592592592593	180
61.9402985074627	59.8130841121495	182
61.9402985074627	59.8130841121495	182
61.9402985074627	60.093896713615	183
61.9402985074627	60.093896713615	183
61.9402985074627	60.377358490566	184
61.9402985074627	60.952380952381	186
61.6541353383459	61.5384615384615	189
61.0687022900763	61.8357487922705	192
61.0687022900763	62.4390243902439	194
60.7692307692308	62.7450980392157	196
60.15625	63.3663366336634	200
60.15625	64.6464646464647	204
59.8425196850394	64.6464646464647	205
59.5238095238095	65.3061224489796	208
58.5365853658537	66.3212435233161	214
58.5365853658537	67.0157068062827	216
58.1967213114754	67.0157068062827	217
57.8512396694215	67.7248677248677	220
56.0344827586207	69.9453551912568	231
54.4642857142857	71.1111111111111	238
54.0540540540541	71.5083798882682	240
52.7777777777778	72.316384180791	245
52.3364485981308	72.7272727272727	247
51.8867924528302	73.9884393063584	251
51.4285714285714	75.2941176470588	255
47.9591836734694	77.1084337349398	266
45.7446808510638	77.5757575757576	271
43.956043956044	79.5031055900621	278
41.3793103448276	81.5286624203822	286
38.5542168674699	83.1168831168831	293
33.7662337662338	85.3333333333333	303
30.1369863013699	86.4864864864865	309
19.047619047619	89.5104895104895	324
16.3934426229508	90.7801418439716	328
66.6666666666667	53.2188841201717	153
66.1971830985916	54.1484716157205	159
65.7142857142857	55.1111111111111	165
65.2173913043478	55.6053811659193	169
64.4444444444444	56.8807339449541	177
64.4444444444444	57.6744186046512	180
64.4444444444444	57.9439252336449	181
64.4444444444444	57.9439252336449	181
63.6363636363636	58.2159624413146	185
63.3587786259542	58.4905660377358	187
63.3587786259542	59.0476190476191	189
63.3587786259542	59.0476190476191	189
63.3587786259542	59.3301435406699	190
63.3587786259542	59.3301435406699	190
63.3587786259542	59.6153846153846	191
63.3587786259542	60.1941747572816	193
63.0769230769231	60.7843137254902	196
62.5	61.0837438423645	199
62.5	61.6915422885572	201
62.2047244094488	62	203
61.6	62.6262626262626	207
61.6	63.9175257731959	211
61.2903225806452	63.9175257731959	212
60.9756097560976	64.5833333333333	215
60	65.6084656084656	221
60	66.3101604278075	223
59.6638655462185	66.3101604278075	224
59.3220338983051	67.027027027027	227
57.5221238938053	69.2737430167598	238
55.9633027522936	70.4545454545455	245
55.5555555555556	70.8571428571428	247
54.2857142857143	71.6763005780347	252
53.8461538461538	72.0930232558139	254
53.3980582524272	73.3727810650888	258
52.9411764705882	74.6987951807229	262
49.4736842105263	76.5432098765432	273
47.2527472527472	77.0186335403727	278
45.4545454545455	78.9808917197452	285
42.8571428571429	81.0457516339869	293
40	82.6666666666667	300
35.1351351351351	84.9315068493151	310
31.4285714285714	86.1111111111111	316
20	89.2086330935252	331
17.2413793103448	90.5109489051095	335
68.0851063829787	51.9823788546256	162
67.6258992805755	52.914798206278	168
67.1532846715328	53.8812785388128	174
66.6666666666667	54.3778801843318	178
65.9090909090909	55.6603773584906	186
65.9090909090909	56.4593301435407	189
65.9090909090909	56.7307692307692	190
65.9090909090909	56.7307692307692	190
65.1162790697674	57.0048309178744	194
64.84375	57.2815533980583	196
64.84375	57.843137254902	198
64.84375	57.843137254902	198
64.84375	58.128078817734	199
64.84375	58.128078817734	199
64.84375	58.4158415841584	200
64.84375	59	202
64.5669291338583	59.5959595959596	205
64	59.8984771573604	208
64	60.5128205128205	210
63.7096774193548	60.8247422680412	212
63.1147540983607	61.4583333333333	216
63.1147540983607	62.7659574468085	220
62.8099173553719	62.7659574468085	221
62.5	63.4408602150538	224
61.5384615384615	64.4808743169399	230
61.5384615384615	65.1933701657459	232
61.2068965517241	65.1933701657459	233
60.8695652173913	65.9217877094972	236
59.0909090909091	68.2080924855491	247
57.5471698113208	69.4117647058823	254
57.1428571428571	69.8224852071006	256
55.8823529411765	70.6586826347305	261
55.4455445544555	71.0843373493976	263
55	72.3926380368098	267
54.5454545454545	73.75	271
51.0869565217391	75.6410256410256	282
48.8636363636364	76.1290322580645	287
47.0588235294118	78.1456953642384	294
44.4444444444444	80.2721088435374	302
41.5584415584416	81.9444444444444	309
36.6197183098592	84.2857142857143	319
32.8358208955224	85.5072463768116	325
21.0526315789474	88.7218045112782	340
18.1818181818182	90.0763358778626	344
69.0647482014388	50.9009009009009	169
68.6131386861314	51.8348623853211	175
68.1481481481482	52.803738317757	181
67.6691729323308	53.3018867924528	185
66.9230769230769	54.5893719806763	193
66.9230769230769	55.3921568627451	196
66.9230769230769	55.6650246305419	197
66.9230769230769	55.6650246305419	197
66.1417322834646	55.9405940594059	201
65.8730158730159	56.2189054726368	203
65.8730158730159	56.78391959799	205
65.8730158730159	56.78391959799	205
65.8730158730159	57.0707070707071	206
65.8730158730159	57.0707070707071	206
65.8730158730159	57.3604060913706	207
65.8730158730159	57.948717948718	209
65.6	58.5492227979275	212
65.0406504065041	58.8541666666667	215
65.0406504065041	59.4736842105263	217
64.7540983606557	59.7883597883598	219
64.1666666666667	60.427807486631	223
64.1666666666667	61.7486338797814	227
63.8655462184874	61.7486338797814	228
63.5593220338983	62.4309392265193	231
62.6086956521739	63.4831460674157	237
62.6086956521739	64.2045454545455	239
62.280701754386	64.2045454545455	240
61.9469026548673	64.9425287356322	243
60.1851851851852	67.2619047619048	254
58.6538461538462	68.4848484848485	261
58.252427184466	68.9024390243902	263
57	69.7530864197531	268
56.5656565656566	70.1863354037267	270
56.1224489795918	71.5189873417722	274
55.6701030927835	72.9032258064516	278
52.2222222222222	74.8344370860927	289
50	75.3333333333333	294
48.1927710843374	77.3972602739726	301
45.5696202531646	79.5774647887324	309
42.6666666666667	81.294964028777	316
37.6811594202899	83.7037037037037	326
33.8461538461538	84.9624060150376	332
21.8181818181818	88.28125	347
18.8679245283019	89.6825396825397	351
69.5652173913043	49.7695852534562	175
69.1176470588235	50.7042253521127	181
68.6567164179104	51.6746411483254	187
68.1818181818182	52.1739130434783	191
67.4418604651163	53.4653465346535	199
67.4418604651163	54.2713567839196	202
67.4418604651163	54.5454545454545	203
67.4418604651163	54.5454545454545	203
66.6666666666667	54.8223350253807	207
66.4	55.1020408163265	209
66.4	55.6701030927835	211
66.4	55.6701030927835	211
66.4	55.9585492227979	212
66.4	55.9585492227979	212
66.4	56.25	213
66.4	56.8421052631579	215
66.1290322580645	57.4468085106383	218
65.5737704918033	57.7540106951872	221
65.5737704918033	58.3783783783784	223
65.2892561983471	58.695652173913	225
64.7058823529412	59.3406593406593	229
64.7058823529412	60.6741573033708	233
64.4067796610169	60.6741573033708	234
64.1025641025641	61.3636363636364	237
63.1578947368421	62.4277456647399	243
63.1578947368421	63.1578947368421	245
62.8318584070796	63.1578947368421	246
62.5	63.905325443787	249
60.7476635514019	66.2576687116564	260
59.2233009708738	67.5	267
58.8235294117647	67.9245283018868	269
57.5757575757576	68.7898089171974	274
57.1428571428571	69.2307692307692	276
56.701030927835	70.5882352941177	280
56.25	72	284
52.8089887640449	73.972602739726	295
50.5882352941176	74.4827586206897	300
48.780487804878	76.5957446808511	307
46.1538461538462	78.8321167883212	315
43.2432432432432	80.5970149253731	322
38.2352941176471	83.0769230769231	332
34.375	84.375	338
22.2222222222222	87.8048780487805	353
19.2307692307692	89.2561983471074	357
70.0729927007299	49.0654205607477	179
69.6296296296296	50	185
69.1729323308271	50.9708737864078	191
68.7022900763359	51.4705882352941	195
67.96875	52.7638190954774	203
67.96875	53.5714285714286	206
67.96875	53.8461538461538	207
67.96875	53.8461538461538	207
67.2	54.1237113402062	211
66.9354838709677	54.4041450777202	213
66.9354838709677	54.9738219895288	215
66.9354838709677	54.9738219895288	215
66.9354838709677	55.2631578947368	216
66.9354838709677	55.2631578947368	216
66.9354838709677	55.5555555555556	217
66.9354838709677	56.1497326203209	219
66.6666666666667	56.7567567567568	222
66.1157024793389	57.0652173913043	225
66.1157024793389	57.6923076923077	227
65.8333333333333	58.0110497237569	229
65.2542372881356	58.659217877095	233
65.2542372881356	60	237
64.957264957265	60	238
64.6551724137931	60.6936416184971	241
63.716814159292	61.7647058823529	247
63.716814159292	62.5	249
63.3928571428571	62.5	250
63.0630630630631	63.2530120481928	253
61.3207547169811	65.625	264
59.8039215686275	66.8789808917197	271
59.4059405940594	67.3076923076923	273
58.1632653061224	68.1818181818182	278
57.7319587628866	68.6274509803922	280
57.2916666666667	70	284
56.8421052631579	71.4285714285714	288
53.4090909090909	73.4265734265734	299
51.1904761904762	73.943661971831	304
49.3827160493827	76.0869565217391	311
46.7532467532467	78.3582089552239	319
43.8356164383562	80.1526717557252	326
38.8059701492537	82.6771653543307	336
34.9206349206349	84	342
22.6415094339623	87.5	357
19.6078431372549	88.9830508474576	361
71.6417910447761	48.0952380952381	186
71.2121212121212	49.0291262135922	192
70.7692307692308	50	198
70.3125	50.5	202
69.6	51.7948717948718	210
69.6	52.6041666666667	213
69.6	52.8795811518325	214
69.6	52.8795811518325	214
68.8524590163934	53.1578947368421	218
68.5950413223141	53.4391534391534	220
68.5950413223141	54.0106951871658	222
68.5950413223141	54.0106951871658	222
68.5950413223141	54.3010752688172	223
68.5950413223141	54.3010752688172	223
68.5950413223141	54.5945945945946	224
68.5950413223141	55.1912568306011	226
68.3333333333333	55.8011049723757	229
67.7966101694915	56.1111111111111	232
67.7966101694915	56.7415730337079	234
67.5213675213675	57.0621468926554	236
66.9565217391304	57.7142857142857	240
66.9565217391304	59.0643274853801	244
66.6666666666667	59.0643274853801	245
66.3716814159292	59.7633136094675	248
65.4545454545455	60.8433734939759	254
65.4545454545455	61.5853658536585	256
65.1376146788991	61.5853658536585	257
64.8148148148148	62.3456790123457	260
63.1067961165049	64.7435897435898	271
61.6161616161616	66.0130718954248	278
61.2244897959184	66.4473684210526	280
60	67.3333333333333	285
59.5744680851064	67.7852348993289	287
59.1397849462366	69.1780821917808	291
58.695652173913	70.6293706293706	295
55.2941176470588	72.6618705035971	306
53.0864197530864	73.1884057971015	311
51.2820512820513	75.3731343283582	318
48.6486486486487	77.6923076923077	326
45.7142857142857	79.5275590551181	333
40.625	82.1138211382114	343
36.6666666666667	83.4710743801653	349
24	87.0689655172414	364
20.8333333333333	88.5964912280702	368
72.1804511278195	47.5961538461538	189
71.7557251908397	48.5294117647059	195
71.3178294573643	49.5	201
70.8661417322835	50	205
70.1612903225807	51.2953367875648	213
70.1612903225807	52.1052631578947	216
70.1612903225807	52.3809523809524	217
70.1612903225807	52.3809523809524	217
69.4214876033058	52.6595744680851	221
69.1666666666667	52.9411764705882	223
69.1666666666667	53.5135135135135	225
69.1666666666667	53.5135135135135	225
69.1666666666667	53.804347826087	226
69.1666666666667	53.804347826087	226
69.1666666666667	54.0983606557377	227
69.1666666666667	54.6961325966851	229
68.9075630252101	55.3072625698324	232
68.3760683760684	55.6179775280899	235
68.3760683760684	56.25	237
68.1034482758621	56.5714285714286	239
67.5438596491228	57.2254335260116	243
67.5438596491228	58.5798816568047	247
67.2566371681416	58.5798816568047	248
66.9642857142857	59.2814371257485	251
66.0550458715596	60.3658536585366	257
66.0550458715596	61.1111111111111	259
65.7407407407407	61.1111111111111	260
65.4205607476635	61.875	263
63.7254901960784	64.2857142857143	274
62.2448979591837	65.5629139072848	281
61.8556701030928	66	283
60.6382978723404	66.8918918918919	288
60.2150537634409	67.3469387755102	290
59.7826086956522	68.75	294
59.3406593406593	70.2127659574468	298
55.952380952381	72.2627737226277	309
53.75	72.7941176470588	314
51.9480519480519	75	321
49.3150684931507	77.34375	329
46.3768115942029	79.2	336
41.2698412698413	81.8181818181818	346
37.2881355932203	83.1932773109244	352
24.4897959183673	86.8421052631579	367
21.2765957446809	88.3928571428571	371
72.1804511278195	47.0873786407767	191
71.7557251908397	48.019801980198	197
71.3178294573643	48.989898989899	203
70.8661417322835	49.4897959183673	207
70.1612903225807	50.7853403141361	215
70.1612903225807	51.5957446808511	218
70.1612903225807	51.8716577540107	219
70.1612903225807	51.8716577540107	219
69.4214876033058	52.1505376344086	223
69.1666666666667	52.4324324324324	225
69.1666666666667	53.0054644808743	227
69.1666666666667	53.0054644808743	227
69.1666666666667	53.2967032967033	228
69.1666666666667	53.2967032967033	228
69.1666666666667	53.5911602209945	229
69.1666666666667	54.1899441340782	231
68.9075630252101	54.8022598870056	234
68.3760683760684	55.1136363636364	237
68.3760683760684	55.7471264367816	239
68.1034482758621	56.0693641618497	241
67.5438596491228	56.7251461988304	245
67.5438596491228	58.0838323353293	249
67.2566371681416	58.0838323353293	250
66.9642857142857	58.7878787878788	253
66.0550458715596	59.8765432098765	259
66.0550458715596	60.625	261
65.7407407407407	60.625	262
65.4205607476635	61.3924050632911	265
63.7254901960784	63.8157894736842	276
62.2448979591837	65.1006711409396	283
61.8556701030928	65.5405405405405	285
60.6382978723404	66.4383561643836	290
60.2150537634409	66.8965517241379	292
59.7826086956522	68.3098591549296	296
59.3406593406593	69.7841726618705	300
55.952380952381	71.8518518518519	311
53.75	72.3880597014925	316
51.9480519480519	74.6153846153846	323
49.3150684931507	76.984126984127	331
46.3768115942029	78.8617886178862	338
41.2698412698413	81.5126050420168	348
37.2881355932203	82.9059829059829	354
24.4897959183673	86.6071428571429	369
21.2765957446809	88.1818181818182	373
72.7272727272727	46.5686274509804	194
72.3076923076923	47.5	200
71.875	48.469387755102	206
71.4285714285714	48.9690721649485	210
70.7317073170732	50.2645502645503	218
70.7317073170732	51.0752688172043	221
70.7317073170732	51.3513513513513	222
70.7317073170732	51.3513513513513	222
70	51.6304347826087	226
69.7478991596639	51.9125683060109	228
69.7478991596639	52.4861878453039	230
69.7478991596639	52.4861878453039	230
69.7478991596639	52.7777777777778	231
69.7478991596639	52.7777777777778	231
69.7478991596639	53.072625698324	232
69.7478991596639	53.6723163841808	234
69.4915254237288	54.2857142857143	237
68.9655172413793	54.5977011494253	240
68.9655172413793	55.2325581395349	242
68.695652173913	55.5555555555556	244
68.141592920354	56.2130177514793	248
68.141592920354	57.5757575757576	252
67.8571428571429	57.5757575757576	253
67.5675675675676	58.2822085889571	256
66.6666666666667	59.375	262
66.6666666666667	60.126582278481	264
66.3551401869159	60.126582278481	265
66.0377358490566	60.8974358974359	268
64.3564356435644	63.3333333333333	279
62.8865979381443	64.6258503401361	286
62.5	65.0684931506849	288
61.2903225806452	65.9722222222222	293
60.8695652173913	66.4335664335664	295
60.4395604395604	67.8571428571429	299
60	69.3430656934307	303
56.6265060240964	71.4285714285714	314
54.4303797468354	71.969696969697	319
52.6315789473684	74.21875	326
50	76.6129032258064	334
47.0588235294118	78.5123966942149	341
41.9354838709677	81.1965811965812	351
37.9310344827586	82.6086956521739	357
25	86.3636363636364	372
21.7391304347826	87.962962962963	376
73.2824427480916	45.771144278607	198
72.8682170542636	46.7005076142132	204
72.4409448818898	47.6683937823834	210
72	48.1675392670157	214
71.3114754098361	49.4623655913978	222
71.3114754098361	50.2732240437158	225
71.3114754098361	50.5494505494505	226
71.3114754098361	50.5494505494505	226
70.5882352941177	50.828729281768	230
70.3389830508475	51.1111111111111	232
70.3389830508475	51.685393258427	234
70.3389830508475	51.685393258427	234
70.3389830508475	51.9774011299435	235
70.3389830508475	51.9774011299435	235
70.3389830508475	52.2727272727273	236
70.3389830508475	52.8735632183908	238
70.0854700854701	53.4883720930233	241
69.5652173913043	53.8011695906433	244
69.5652173913043	54.4378698224852	246
69.2982456140351	54.7619047619048	248
68.75	55.421686746988	252
68.75	56.7901234567901	256
68.4684684684685	56.7901234567901	257
68.1818181818182	57.5	260
67.2897196261682	58.5987261146497	266
67.2897196261682	59.3548387096774	268
66.9811320754717	59.3548387096774	269
66.6666666666667	60.1307189542484	272
65	62.5850340136054	283
63.5416666666667	63.8888888888889	290
63.1578947368421	64.3356643356643	292
61.9565217391304	65.2482269503546	297
61.5384615384615	65.7142857142857	299
61.1111111111111	67.1532846715328	303
60.6741573033708	68.6567164179104	307
57.3170731707317	70.7692307692308	318
55.1282051282051	71.3178294573643	323
53.3333333333333	73.6	330
50.7042253521127	76.0330578512397	338
47.7611940298507	77.9661016949153	345
42.6229508196721	80.7017543859649	355
38.5964912280702	82.1428571428571	361
25.531914893617	85.981308411215	376
22.2222222222222	87.6190476190476	380
73.2824427480916	45.2261306532663	200
72.8682170542636	46.1538461538462	206
72.4409448818898	47.1204188481675	212
72	47.6190476190476	216
71.3114754098361	48.9130434782609	224
71.3114754098361	49.7237569060773	227
71.3114754098361	50	228
71.3114754098361	50	228
70.5882352941177	50.2793296089386	232
70.3389830508475	50.561797752809	234
70.3389830508475	51.1363636363636	236
70.3389830508475	51.1363636363636	236
70.3389830508475	51.4285714285714	237
70.3389830508475	51.4285714285714	237
70.3389830508475	51.7241379310345	238
70.3389830508475	52.3255813953488	240
70.0854700854701	52.9411764705882	243
69.5652173913043	53.2544378698225	246
69.5652173913043	53.8922155688623	248
69.2982456140351	54.2168674698795	250
68.75	54.8780487804878	254
68.75	56.25	258
68.4684684684685	56.25	259
68.1818181818182	56.9620253164557	262
67.2897196261682	58.0645161290323	268
67.2897196261682	58.8235294117647	270
66.9811320754717	58.8235294117647	271
66.6666666666667	59.6026490066225	274
65	62.0689655172414	285
63.5416666666667	63.3802816901408	292
63.1578947368421	63.8297872340426	294
61.9565217391304	64.7482014388489	299
61.5384615384615	65.2173913043478	301
61.1111111111111	66.6666666666667	305
60.6741573033708	68.1818181818182	309
57.3170731707317	70.3125	320
55.1282051282051	70.8661417322835	325
53.3333333333333	73.1707317073171	332
50.7042253521127	75.6302521008403	340
47.7611940298507	77.5862068965517	347
42.6229508196721	80.3571428571429	357
38.5964912280702	81.8181818181818	363
25.531914893617	85.7142857142857	378
22.2222222222222	87.378640776699	382
75	43.2291666666667	210
74.6031746031746	44.1489361702128	216
74.1935483870968	45.1086956521739	222
73.7704918032787	45.6043956043956	226
73.109243697479	46.8926553672316	234
73.109243697479	47.7011494252874	237
73.109243697479	47.9768786127168	238
73.109243697479	47.9768786127168	238
72.4137931034483	48.2558139534884	242
72.1739130434783	48.5380116959064	244
72.1739130434783	49.112426035503	246
72.1739130434783	49.112426035503	246
72.1739130434783	49.4047619047619	247
72.1739130434783	49.4047619047619	247
72.1739130434783	49.7005988023952	248
72.1739130434783	50.3030303030303	250
71.9298245614035	50.920245398773	253
71.4285714285714	51.2345679012346	256
71.4285714285714	51.875	258
71.1711711711712	52.2012578616352	260
70.6422018348624	52.8662420382166	264
70.6422018348624	54.2483660130719	268
70.3703703703704	54.2483660130719	269
70.0934579439252	54.9668874172185	272
69.2307692307692	56.0810810810811	278
69.2307692307692	56.8493150684932	280
68.9320388349515	56.8493150684932	281
68.6274509803922	57.6388888888889	284
67.0103092783505	60.1449275362319	295
65.5913978494624	61.4814814814815	302
65.2173913043478	61.9402985074627	304
64.0449438202247	62.8787878787879	309
63.6363636363636	63.3587786259542	311
63.2183908045977	64.84375	315
62.7906976744186	66.4	319
59.4936708860759	68.5950413223141	330
57.3333333333333	69.1666666666667	335
55.5555555555556	71.551724137931	342
52.9411764705882	74.1071428571429	350
50	76.1467889908257	357
44.8275862068966	79.0476190476191	367
40.7407407407407	80.5825242718447	373
27.2727272727273	84.6938775510204	388
23.8095238095238	86.4583333333333	392
75	42.6315789473684	212
74.6031746031746	43.5483870967742	218
74.1935483870968	44.5054945054945	224
73.7704918032787	45	228
73.109243697479	46.2857142857143	236
73.109243697479	47.093023255814	239
73.109243697479	47.3684210526316	240
73.109243697479	47.3684210526316	240
72.4137931034483	47.6470588235294	244
72.1739130434783	47.9289940828402	246
72.1739130434783	48.502994011976	248
72.1739130434783	48.502994011976	248
72.1739130434783	48.7951807228916	249
72.1739130434783	48.7951807228916	249
72.1739130434783	49.0909090909091	250
72.1739130434783	49.6932515337423	252
71.9298245614035	50.3105590062112	255
71.4285714285714	50.625	258
71.4285714285714	51.2658227848101	260
71.1711711711712	51.5923566878981	262
70.6422018348624	52.258064516129	266
70.6422018348624	53.6423841059603	270
70.3703703703704	53.6423841059603	271
70.0934579439252	54.3624161073826	274
69.2307692307692	55.4794520547945	280
69.2307692307692	56.25	282
68.9320388349515	56.25	283
68.6274509803922	57.0422535211268	286
67.0103092783505	59.5588235294118	297
65.5913978494624	60.9022556390977	304
65.2173913043478	61.3636363636364	306
64.0449438202247	62.3076923076923	311
63.6363636363636	62.7906976744186	313
63.2183908045977	64.2857142857143	317
62.7906976744186	65.8536585365854	321
59.4936708860759	68.0672268907563	332
57.3333333333333	68.6440677966102	337
55.5555555555556	71.0526315789474	344
52.9411764705882	73.6363636363636	352
50	75.7009345794392	359
44.8275862068966	78.6407766990291	369
40.7407407407407	80.1980198019802	375
27.2727272727273	84.375	390
23.8095238095238	86.1702127659574	394
75	42.0212765957447	214
74.6031746031746	42.9347826086957	220
74.1935483870968	43.8888888888889	226
73.7704918032787	44.3820224719101	230
73.109243697479	45.6647398843931	238
73.109243697479	46.4705882352941	241
73.109243697479	46.7455621301775	242
73.109243697479	46.7455621301775	242
72.4137931034483	47.0238095238095	246
72.1739130434783	47.3053892215569	248
72.1739130434783	47.8787878787879	250
72.1739130434783	47.8787878787879	250
72.1739130434783	48.1707317073171	251
72.1739130434783	48.1707317073171	251
72.1739130434783	48.4662576687117	252
72.1739130434783	49.0683229813665	254
71.9298245614035	49.685534591195	257
71.4285714285714	50	260
71.4285714285714	50.6410256410256	262
71.1711711711712	50.9677419354839	264
70.6422018348624	51.6339869281046	268
70.6422018348624	53.0201342281879	272
70.3703703703704	53.0201342281879	273
70.0934579439252	53.7414965986395	276
69.2307692307692	54.8611111111111	282
69.2307692307692	55.6338028169014	284
68.9320388349515	55.6338028169014	285
68.6274509803922	56.4285714285714	288
67.0103092783505	58.955223880597	299
65.5913978494624	60.3053435114504	306
65.2173913043478	60.7692307692308	308
64.0449438202247	61.71875	313
63.6363636363636	62.2047244094488	315
63.2183908045977	63.7096774193548	319
62.7906976744186	65.2892561983471	323
59.4936708860759	67.5213675213675	334
57.3333333333333	68.1034482758621	339
55.5555555555556	70.5357142857143	346
52.9411764705882	73.1481481481482	354
50	75.2380952380952	361
44.8275862068966	78.2178217821782	371
40.7407407407407	79.7979797979798	377
27.2727272727273	84.0425531914894	392
23.8095238095238	85.8695652173913	396
75.5905511811024	41.0810810810811	218
75.2	41.9889502762431	224
74.7967479674797	42.9378531073446	230
74.3801652892562	43.4285714285714	234
73.728813559322	44.7058823529412	242
73.728813559322	45.5089820359281	245
73.728813559322	45.7831325301205	246
73.728813559322	45.7831325301205	246
73.0434782608696	46.0606060606061	250
72.8070175438597	46.3414634146341	252
72.8070175438597	46.9135802469136	254
72.8070175438597	46.9135802469136	254
72.8070175438597	47.2049689440994	255
72.8070175438597	47.2049689440994	255
72.8070175438597	47.5	256
72.8070175438597	48.1012658227848	258
72.5663716814159	48.7179487179487	261
72.0720720720721	49.0322580645161	264
72.0720720720721	49.6732026143791	266
71.8181818181818	50	268
71.2962962962963	50.6666666666667	272
71.2962962962963	52.0547945205479	276
71.0280373831776	52.0547945205479	277
70.7547169811321	52.7777777777778	280
69.9029126213592	53.9007092198582	286
69.9029126213592	54.6762589928058	288
69.6078431372549	54.6762589928058	289
69.3069306930693	55.4744525547445	292
67.7083333333333	58.0152671755725	303
66.304347826087	59.375	310
65.9340659340659	59.8425196850394	312
64.7727272727273	60.8	317
64.367816091954	61.2903225806452	319
63.953488372093	62.8099173553719	323
63.5294117647059	64.4067796610169	327
60.2564102564103	66.6666666666667	338
58.1081081081081	67.2566371681416	343
56.3380281690141	69.7247706422018	350
53.7313432835821	72.3809523809524	358
50.7936507936508	74.5098039215686	365
45.6140350877193	77.5510204081633	375
41.5094339622642	79.1666666666667	381
27.906976744186	83.5164835164835	396
24.390243902439	85.3932584269663	400
75.5905511811024	40.1098901098901	221
75.2	41.0112359550562	227
74.7967479674797	41.9540229885057	233
74.3801652892562	42.4418604651163	237
73.728813559322	43.7125748502994	245
73.728813559322	44.5121951219512	248
73.728813559322	44.7852760736196	249
73.728813559322	44.7852760736196	249
73.0434782608696	45.0617283950617	253
72.8070175438597	45.3416149068323	255
72.8070175438597	45.9119496855346	257
72.8070175438597	45.9119496855346	257
72.8070175438597	46.2025316455696	258
72.8070175438597	46.2025316455696	258
72.8070175438597	46.4968152866242	259
72.8070175438597	47.0967741935484	261
72.5663716814159	47.7124183006536	264
72.0720720720721	48.0263157894737	267
72.0720720720721	48.6666666666667	269
71.8181818181818	48.993288590604	271
71.2962962962963	49.6598639455782	275
71.2962962962963	51.0489510489511	279
71.0280373831776	51.0489510489511	280
70.7547169811321	51.7730496453901	283
69.9029126213592	52.8985507246377	289
69.9029126213592	53.6764705882353	291
69.6078431372549	53.6764705882353	292
69.3069306930693	54.4776119402985	295
67.7083333333333	57.03125	306
66.304347826087	58.4	313
65.9340659340659	58.8709677419355	315
64.7727272727273	59.8360655737705	320
64.367816091954	60.3305785123967	322
63.953488372093	61.864406779661	326
63.5294117647059	63.4782608695652	330
60.2564102564103	65.7657657657658	341
58.1081081081081	66.3636363636364	346
56.3380281690141	68.8679245283019	353
53.7313432835821	71.5686274509804	361
50.7936507936508	73.7373737373737	368
45.6140350877193	76.8421052631579	378
41.5094339622642	78.494623655914	384
27.906976744186	82.9545454545455	399
24.390243902439	84.8837209302326	403
78.0487804878049	39.7790055248619	226
77.6859504132231	40.6779661016949	232
77.3109243697479	41.6184971098266	238
76.9230769230769	42.1052631578947	242
76.3157894736842	43.3734939759036	250
76.3157894736842	44.1717791411043	253
76.3157894736842	44.4444444444444	254
76.3157894736842	44.4444444444444	254
75.6756756756757	44.7204968944099	258
75.4545454545455	45	260
75.4545454545455	45.5696202531646	262
75.4545454545455	45.5696202531646	262
75.4545454545455	45.859872611465	263
75.4545454545455	45.859872611465	263
75.4545454545455	46.1538461538462	264
75.4545454545455	46.7532467532467	266
75.2293577981651	47.3684210526316	269
74.7663551401869	47.682119205298	272
74.7663551401869	48.3221476510067	274
74.5283018867924	48.6486486486487	276
74.0384615384615	49.3150684931507	280
74.0384615384615	50.7042253521127	284
73.7864077669903	50.7042253521127	285
73.5294117647059	51.4285714285714	288
72.7272727272727	52.5547445255474	294
72.7272727272727	53.3333333333333	296
72.4489795918367	53.3333333333333	297
72.1649484536082	54.1353383458647	300
70.6521739130435	56.6929133858268	311
69.3181818181818	58.0645161290323	318
68.9655172413793	58.5365853658537	320
67.8571428571429	59.504132231405	325
67.4698795180723	60	327
67.0731707317073	61.5384615384615	331
66.6666666666667	63.1578947368421	335
63.5135135135135	65.4545454545455	346
61.4285714285714	66.0550458715596	351
59.7014925373134	68.5714285714286	358
57.1428571428571	71.2871287128713	366
54.2372881355932	73.469387755102	373
49.0566037735849	76.5957446808511	383
44.8979591836735	78.2608695652174	389
30.7692307692308	82.7586206896552	404
27.027027027027	84.7058823529412	408
78.6885245901639	39.1061452513966	229
78.3333333333333	40	235
77.9661016949153	40.9356725146199	241
77.5862068965517	41.4201183431953	245
76.9911504424779	42.6829268292683	253
76.9911504424779	43.4782608695652	256
76.9911504424779	43.75	257
76.9911504424779	43.75	257
76.3636363636364	44.0251572327044	261
76.1467889908257	44.3037974683544	263
76.1467889908257	44.8717948717949	265
76.1467889908257	44.8717948717949	265
76.1467889908257	45.1612903225806	266
76.1467889908257	45.1612903225806	266
76.1467889908257	45.4545454545455	267
76.1467889908257	46.0526315789474	269
75.9259259259259	46.6666666666667	272
75.4716981132076	46.9798657718121	275
75.4716981132076	47.6190476190476	277
75.2380952380952	47.945205479452	279
74.7572815533981	48.6111111111111	283
74.7572815533981	50	287
74.5098039215686	50	288
74.2574257425743	50.7246376811594	291
73.469387755102	51.8518518518518	297
73.469387755102	52.6315789473684	299
73.1958762886598	52.6315789473684	300
72.9166666666667	53.4351145038168	303
71.4285714285714	56	314
70.1149425287356	57.3770491803279	321
69.7674418604651	57.8512396694215	323
68.6746987951807	58.8235294117647	328
68.2926829268293	59.3220338983051	330
67.9012345679012	60.8695652173913	334
67.5	62.5	338
64.3835616438356	64.8148148148148	349
62.3188405797101	65.4205607476635	354
60.6060606060606	67.9611650485437	361
58.0645161290323	70.7070707070707	369
55.1724137931034	72.9166666666667	376
50	76.0869565217391	386
45.8333333333333	77.7777777777778	392
31.5789473684211	82.3529411764706	407
27.7777777777778	84.3373493975904	411
78.6885245901639	38.7640449438202	230
78.3333333333333	39.6551724137931	236
77.9661016949153	40.5882352941176	242
77.5862068965517	41.0714285714286	246
76.9911504424779	42.3312883435583	254
76.9911504424779	43.125	257
76.9911504424779	43.3962264150943	258
76.9911504424779	43.3962264150943	258
76.3636363636364	43.6708860759494	262
76.1467889908257	43.9490445859873	264
76.1467889908257	44.5161290322581	266
76.1467889908257	44.5161290322581	266
76.1467889908257	44.8051948051948	267
76.1467889908257	44.8051948051948	267
76.1467889908257	45.0980392156863	268
76.1467889908257	45.6953642384106	270
75.9259259259259	46.3087248322148	273
75.4716981132076	46.6216216216216	276
75.4716981132076	47.2602739726027	278
75.2380952380952	47.5862068965517	280
74.7572815533981	48.2517482517483	284
74.7572815533981	49.6402877697842	288
74.5098039215686	49.6402877697842	289
74.2574257425743	50.3649635036496	292
73.469387755102	51.4925373134328	298
73.469387755102	52.2727272727273	300
73.1958762886598	52.2727272727273	301
72.9166666666667	53.0769230769231	304
71.4285714285714	55.6451612903226	315
70.1149425287356	57.0247933884297	322
69.7674418604651	57.5	324
68.6746987951807	58.4745762711864	329
68.2926829268293	58.974358974359	331
67.9012345679012	60.5263157894737	335
67.5	62.1621621621622	339
64.3835616438356	64.4859813084112	350
62.3188405797101	65.0943396226415	355
60.6060606060606	67.6470588235294	362
58.0645161290323	70.4081632653061	370
55.1724137931034	72.6315789473684	377
50	75.8241758241758	387
45.8333333333333	77.5280898876404	393
31.5789473684211	82.1428571428571	408
27.7777777777778	84.1463414634146	412
78.6885245901639	37.7142857142857	233
78.3333333333333	38.5964912280702	239
77.9661016949153	39.5209580838323	245
77.5862068965517	40	249
76.9911504424779	41.25	257
76.9911504424779	42.0382165605096	260
76.9911504424779	42.3076923076923	261
76.9911504424779	42.3076923076923	261
76.3636363636364	42.5806451612903	265
76.1467889908257	42.8571428571429	267
76.1467889908257	43.421052631579	269
76.1467889908257	43.421052631579	269
76.1467889908257	43.7086092715232	270
76.1467889908257	43.7086092715232	270
76.1467889908257	44	271
76.1467889908257	44.5945945945946	273
75.9259259259259	45.2054794520548	276
75.4716981132076	45.5172413793103	279
75.4716981132076	46.1538461538462	281
75.2380952380952	46.4788732394366	283
74.7572815533981	47.1428571428571	287
74.7572815533981	48.5294117647059	291
74.5098039215686	48.5294117647059	292
74.2574257425743	49.2537313432836	295
73.469387755102	50.381679389313	301
73.469387755102	51.1627906976744	303
73.1958762886598	51.1627906976744	304
72.9166666666667	51.9685039370079	307
71.4285714285714	54.5454545454545	318
70.1149425287356	55.9322033898305	325
69.7674418604651	56.4102564102564	327
68.6746987951807	57.3913043478261	332
68.2926829268293	57.8947368421053	334
67.9012345679012	59.4594594594595	338
67.5	61.1111111111111	342
64.3835616438356	63.4615384615385	353
62.3188405797101	64.0776699029126	358
60.6060606060606	66.6666666666667	365
58.0645161290323	69.4736842105263	373
55.1724137931034	71.7391304347826	380
50	75	390
45.8333333333333	76.7441860465116	396
31.5789473684211	81.4814814814815	411
27.7777777777778	83.5443037974684	415
80.672268907563	35.8823529411765	241
80.3418803418803	36.7469879518072	247
80	37.6543209876543	253
79.646017699115	38.125	257
79.0909090909091	39.3548387096774	265
79.0909090909091	40.1315789473684	268
79.0909090909091	40.3973509933775	269
79.0909090909091	40.3973509933775	269
78.5046728971963	40.6666666666667	273
78.3018867924528	40.9395973154362	275
78.3018867924528	41.4965986394558	277
78.3018867924528	41.4965986394558	277
78.3018867924528	41.7808219178082	278
78.3018867924528	41.7808219178082	278
78.3018867924528	42.0689655172414	279
78.3018867924528	42.6573426573427	281
78.0952380952381	43.2624113475177	284
77.6699029126214	43.5714285714286	287
77.6699029126214	44.2028985507246	289
77.4509803921569	44.5255474452555	291
77	45.1851851851852	295
77	46.5648854961832	299
76.7676767676768	46.5648854961832	300
76.530612244898	47.2868217054264	303
75.7894736842105	48.4126984126984	309
75.7894736842105	49.1935483870968	311
75.531914893617	49.1935483870968	312
75.2688172043011	50	315
73.8636363636364	52.5862068965517	326
72.6190476190476	53.9823008849557	333
72.289156626506	54.4642857142857	335
71.25	55.4545454545455	340
70.8860759493671	55.9633027522936	342
70.5128205128205	57.5471698113208	346
70.1298701298701	59.2233009708738	350
67.1428571428571	61.6161616161616	361
65.1515151515152	62.2448979591837	366
63.4920634920635	64.8936170212766	373
61.0169491525424	67.7777777777778	381
58.1818181818182	70.1149425287356	388
53.0612244897959	73.4939759036145	398
48.8888888888889	75.3086419753086	404
34.2857142857143	80.2631578947368	419
30.3030303030303	82.4324324324324	423
82.051282051282	33.5365853658537	249
81.7391304347826	34.375	255
81.4159292035398	35.2564102564103	261
81.0810810810811	35.7142857142857	265
80.5555555555556	36.9127516778523	273
80.5555555555556	37.6712328767123	276
80.5555555555556	37.9310344827586	277
80.5555555555556	37.9310344827586	277
80	38.1944444444444	281
79.8076923076923	38.4615384615385	283
79.8076923076923	39.0070921985816	285
79.8076923076923	39.0070921985816	285
79.8076923076923	39.2857142857143	286
79.8076923076923	39.2857142857143	286
79.8076923076923	39.568345323741	287
79.8076923076923	40.1459854014599	289
79.6116504854369	40.7407407407407	292
79.2079207920792	41.044776119403	295
79.2079207920792	41.6666666666667	297
79	41.9847328244275	299
78.5714285714286	42.6356589147287	303
78.5714285714286	44	307
78.3505154639175	44	308
78.125	44.7154471544715	311
77.4193548387097	45.8333333333333	317
77.4193548387097	46.6101694915254	319
77.1739130434783	46.6101694915254	320
76.9230769230769	47.4137931034483	323
75.5813953488372	50	334
74.390243902439	51.4018691588785	341
74.0740740740741	51.8867924528302	343
73.0769230769231	52.8846153846154	348
72.7272727272727	53.3980582524272	350
72.3684210526316	55	354
72	56.701030927835	358
69.1176470588235	59.1397849462366	369
67.1875	59.7826086956522	374
65.5737704918033	62.5	381
63.1578947368421	65.4761904761905	389
60.377358490566	67.9012345679012	396
55.3191489361702	71.4285714285714	406
51.1627906976744	73.3333333333333	412
36.3636363636364	78.5714285714286	427
32.258064516129	80.8823529411765	431
82.7586206896552	32.7160493827161	252
82.4561403508772	33.5443037974684	258
82.1428571428571	34.4155844155844	264
81.8181818181818	34.8684210526316	268
81.3084112149533	36.0544217687075	276
81.3084112149533	36.8055555555556	279
81.3084112149533	37.0629370629371	280
81.3084112149533	37.0629370629371	280
80.7692307692308	37.3239436619718	284
80.5825242718447	37.5886524822695	286
80.5825242718447	38.1294964028777	288
80.5825242718447	38.1294964028777	288
80.5825242718447	38.4057971014493	289
80.5825242718447	38.4057971014493	289
80.5825242718447	38.6861313868613	290
80.5825242718447	39.2592592592593	292
80.3921568627451	39.8496240601504	295
80	40.1515151515151	298
80	40.7692307692308	300
79.7979797979798	41.0852713178295	302
79.3814432989691	41.7322834645669	306
79.3814432989691	43.0894308943089	310
79.1666666666667	43.0894308943089	311
78.9473684210526	43.801652892562	314
78.2608695652174	44.9152542372881	320
78.2608695652174	45.6896551724138	322
78.021978021978	45.6896551724138	323
77.7777777777778	46.4912280701754	326
76.4705882352941	49.0740740740741	337
75.3086419753086	50.4761904761905	344
75	50.9615384615385	346
74.025974025974	51.9607843137255	351
73.6842105263158	52.4752475247525	353
73.3333333333333	54.0816326530612	357
72.972972972973	55.7894736842105	361
70.1492537313433	58.2417582417582	372
68.2539682539683	58.8888888888889	377
66.6666666666667	61.6279069767442	384
64.2857142857143	64.6341463414634	392
61.5384615384615	67.0886075949367	399
56.5217391304348	70.6666666666667	409
52.3809523809524	72.6027397260274	415
37.5	77.9411764705882	430
33.3333333333333	80.3030303030303	434
82.7586206896552	31.875	254
82.4561403508772	32.6923076923077	260
82.1428571428571	33.5526315789474	266
81.8181818181818	34	270
81.3084112149533	35.1724137931034	278
81.3084112149533	35.9154929577465	281
81.3084112149533	36.1702127659575	282
81.3084112149533	36.1702127659575	282
80.7692307692308	36.4285714285714	286
80.5825242718447	36.6906474820144	288
80.5825242718447	37.2262773722628	290
80.5825242718447	37.2262773722628	290
80.5825242718447	37.5	291
80.5825242718447	37.5	291
80.5825242718447	37.7777777777778	292
80.5825242718447	38.3458646616541	294
80.3921568627451	38.9312977099237	297
80	39.2307692307692	300
80	39.84375	302
79.7979797979798	40.1574803149606	304
79.3814432989691	40.8	308
79.3814432989691	42.1487603305785	312
79.1666666666667	42.1487603305785	313
78.9473684210526	42.8571428571429	316
78.2608695652174	43.9655172413793	322
78.2608695652174	44.7368421052632	324
78.021978021978	44.7368421052632	325
77.7777777777778	45.5357142857143	328
76.4705882352941	48.1132075471698	339
75.3086419753086	49.5145631067961	346
75	50	348
74.025974025974	51	353
73.6842105263158	51.5151515151515	355
73.3333333333333	53.125	359
72.972972972973	54.8387096774194	363
70.1492537313433	57.3033707865169	374
68.2539682539683	57.9545454545455	379
66.6666666666667	60.7142857142857	386
64.2857142857143	63.75	394
61.5384615384615	66.2337662337662	401
56.5217391304348	69.8630136986301	411
52.3809523809524	71.830985915493	417
37.5	77.2727272727273	432
33.3333333333333	79.6875	436
83.4782608695652	31.4465408805031	256
83.1858407079646	32.258064516129	262
82.8828828828829	33.112582781457	268
82.5688073394495	33.5570469798658	272
82.0754716981132	34.7222222222222	280
82.0754716981132	35.4609929078014	283
82.0754716981132	35.7142857142857	284
82.0754716981132	35.7142857142857	284
81.5533980582524	35.9712230215827	288
81.3725490196078	36.231884057971	290
81.3725490196078	36.7647058823529	292
81.3725490196078	36.7647058823529	292
81.3725490196078	37.037037037037	293
81.3725490196078	37.037037037037	293
81.3725490196078	37.3134328358209	294
81.3725490196078	37.8787878787879	296
81.1881188118812	38.4615384615385	299
80.8080808080808	38.7596899224806	302
80.8080808080808	39.3700787401575	304
80.6122448979592	39.6825396825397	306
80.2083333333333	40.3225806451613	310
80.2083333333333	41.6666666666667	314
80	41.6666666666667	315
79.7872340425532	42.3728813559322	318
79.1208791208791	43.4782608695652	324
79.1208791208791	44.2477876106195	326
78.8888888888889	44.2477876106195	327
78.6516853932584	45.045045045045	330
77.3809523809524	47.6190476190476	341
76.25	49.0196078431373	348
75.9493670886076	49.5049504950495	350
75	50.5050505050505	355
74.6666666666667	51.0204081632653	357
74.3243243243243	52.6315789473684	361
73.972602739726	54.3478260869565	365
71.2121212121212	56.8181818181818	376
69.3548387096774	57.4712643678161	381
67.7966101694915	60.2409638554217	388
65.4545454545455	63.2911392405063	396
62.7450980392157	65.7894736842105	403
57.7777777777778	69.4444444444444	413
53.6585365853659	71.4285714285714	419
38.7096774193548	76.9230769230769	434
34.4827586206897	79.3650793650794	438
84.2105263157895	31.4465408805031	257
83.9285714285714	32.258064516129	263
83.6363636363636	33.112582781457	269
83.3333333333333	33.5570469798658	273
82.8571428571429	34.7222222222222	281
82.8571428571429	35.4609929078014	284
82.8571428571429	35.7142857142857	285
82.8571428571429	35.7142857142857	285
82.3529411764706	35.9712230215827	289
82.1782178217822	36.231884057971	291
82.1782178217822	36.7647058823529	293
82.1782178217822	36.7647058823529	293
82.1782178217822	37.037037037037	294
82.1782178217822	37.037037037037	294
82.1782178217822	37.3134328358209	295
82.1782178217822	37.8787878787879	297
82	38.4615384615385	300
81.6326530612245	38.7596899224806	303
81.6326530612245	39.3700787401575	305
81.4432989690722	39.6825396825397	307
81.0526315789474	40.3225806451613	311
81.0526315789474	41.6666666666667	315
80.8510638297872	41.6666666666667	316
80.6451612903226	42.3728813559322	319
80	43.4782608695652	325
80	44.2477876106195	327
79.7752808988764	44.2477876106195	328
79.5454545454545	45.045045045045	331
78.3132530120482	47.6190476190476	342
77.2151898734177	49.0196078431373	349
76.9230769230769	49.5049504950495	351
76	50.5050505050505	356
75.6756756756757	51.0204081632653	358
75.3424657534247	52.6315789473684	362
75	54.3478260869565	366
72.3076923076923	56.8181818181818	377
70.4918032786885	57.4712643678161	382
68.9655172413793	60.2409638554217	389
66.6666666666667	63.2911392405063	397
64	65.7894736842105	404
59.0909090909091	69.4444444444444	414
55	71.4285714285714	420
40	76.9230769230769	435
35.7142857142857	79.3650793650794	439
86.4864864864865	31.4465408805031	260
86.2385321100918	32.258064516129	266
85.981308411215	33.112582781457	272
85.7142857142857	33.5570469798658	276
85.2941176470588	34.7222222222222	284
85.2941176470588	35.4609929078014	287
85.2941176470588	35.7142857142857	288
85.2941176470588	35.7142857142857	288
84.8484848484848	35.9712230215827	292
84.6938775510204	36.231884057971	294
84.6938775510204	36.7647058823529	296
84.6938775510204	36.7647058823529	296
84.6938775510204	37.037037037037	297
84.6938775510204	37.037037037037	297
84.6938775510204	37.3134328358209	298
84.6938775510204	37.8787878787879	300
84.5360824742268	38.4615384615385	303
84.2105263157895	38.7596899224806	306
84.2105263157895	39.3700787401575	308
84.0425531914894	39.6825396825397	310
83.695652173913	40.3225806451613	314
83.695652173913	41.6666666666667	318
83.5164835164835	41.6666666666667	319
83.3333333333333	42.3728813559322	322
82.7586206896552	43.4782608695652	328
82.7586206896552	44.2477876106195	330
82.5581395348837	44.2477876106195	331
82.3529411764706	45.045045045045	334
81.25	47.6190476190476	345
80.2631578947368	49.0196078431373	352
80	49.5049504950495	354
79.1666666666667	50.5050505050505	359
78.8732394366197	51.0204081632653	361
78.5714285714286	52.6315789473684	365
78.2608695652174	54.3478260869565	369
75.8064516129032	56.8181818181818	380
74.1379310344828	57.4712643678161	385
72.7272727272727	60.2409638554217	392
70.5882352941177	63.2911392405063	400
68.0851063829787	65.7894736842105	407
63.4146341463415	69.4444444444444	417
59.4594594594595	71.4285714285714	423
44.4444444444444	76.9230769230769	438
40	79.3650793650794	442
87.2727272727273	31.0126582278481	262
87.037037037037	31.8181818181818	268
86.7924528301887	32.6666666666667	274
86.5384615384615	33.1081081081081	278
86.1386138613861	34.2657342657343	286
86.1386138613861	35	289
86.1386138613861	35.2517985611511	290
86.1386138613861	35.2517985611511	290
85.7142857142857	35.5072463768116	294
85.5670103092783	35.7664233576642	296
85.5670103092783	36.2962962962963	298
85.5670103092783	36.2962962962963	298
85.5670103092783	36.5671641791045	299
85.5670103092783	36.5671641791045	299
85.5670103092783	36.8421052631579	300
85.5670103092783	37.4045801526718	302
85.4166666666667	37.984496124031	305
85.1063829787234	38.28125	308
85.1063829787234	38.8888888888889	310
84.9462365591398	39.2	312
84.6153846153846	39.8373983739837	316
84.6153846153846	41.1764705882353	320
84.4444444444444	41.1764705882353	321
84.2696629213483	41.8803418803419	324
83.7209302325581	42.9824561403509	330
83.7209302325581	43.75	332
83.5294117647059	43.75	333
83.3333333333333	44.5454545454545	336
82.2784810126582	47.1153846153846	347
81.3333333333333	48.5148514851485	354
81.0810810810811	49	356
80.2816901408451	50	361
80	50.5154639175258	363
79.7101449275362	52.1276595744681	367
79.4117647058823	53.8461538461538	371
77.0491803278689	56.3218390804598	382
75.4385964912281	56.9767441860465	387
74.0740740740741	59.7560975609756	394
72	62.8205128205128	402
69.5652173913043	65.3333333333333	409
65	69.0140845070423	419
61.1111111111111	71.0144927536232	425
46.1538461538462	76.5625	440
41.6666666666667	79.0322580645161	444
88.0733944954129	29.6774193548387	266
87.8504672897196	30.4635761589404	272
87.6190476190476	31.2925170068027	278
87.378640776699	31.7241379310345	282
87	32.8571428571429	290
87	33.5766423357664	293
87	33.8235294117647	294
87	33.8235294117647	294
86.5979381443299	34.0740740740741	298
86.4583333333333	34.3283582089552	300
86.4583333333333	34.8484848484849	302
86.4583333333333	34.8484848484849	302
86.4583333333333	35.1145038167939	303
86.4583333333333	35.1145038167939	303
86.4583333333333	35.3846153846154	304
86.4583333333333	35.9375	306
86.3157894736842	36.5079365079365	309
86.0215053763441	36.8	312
86.0215053763441	37.3983739837398	314
85.8695652173913	37.7049180327869	316
85.5555555555556	38.3333333333333	320
85.5555555555556	39.6551724137931	324
85.3932584269663	39.6551724137931	325
85.2272727272727	40.3508771929825	328
84.7058823529412	41.4414414414414	334
84.7058823529412	42.2018348623853	336
84.5238095238095	42.2018348623853	337
84.3373493975904	42.9906542056075	340
83.3333333333333	45.5445544554455	351
82.4324324324324	46.9387755102041	358
82.1917808219178	47.4226804123711	360
81.4285714285714	48.4210526315789	365
81.1594202898551	48.936170212766	367
80.8823529411765	50.5494505494505	371
80.5970149253731	52.2727272727273	375
78.3333333333333	54.7619047619048	386
76.7857142857143	55.421686746988	391
75.4716981132076	58.2278481012658	398
73.469387755102	61.3333333333333	406
71.1111111111111	63.8888888888889	413
66.6666666666667	67.6470588235294	423
62.8571428571429	69.6969696969697	429
48	75.4098360655738	444
43.4782608695652	77.9661016949153	448
